item_id,order_id,product_id,quantity,unit_price,line_total
1,1,90,3,9583.52,28750.56
2,1,42,3,4331.59,12994.77
3,2,24,3,19338.61,58015.83
4,2,8,4,22909.21,91636.84
5,2,13,2,24256.6,48513.2
6,3,55,2,7791.43,15582.86
7,3,58,2,12593.69,25187.38
8,3,69,4,18581.5,74326.0
9,3,132,1,11651.43,11651.43
10,4,3,4,12394.5,49578.0
11,4,34,2,1962.22,3924.44
12,4,3,2,12394.5,24789.0
13,4,65,3,5611.04,16833.12
14,5,71,4,5509.02,22036.08
15,5,97,3,20312.06,60936.18
16,5,118,3,19126.61,57379.83
17,6,78,4,19736.23,78944.92
18,7,2,3,17522.37,52567.11
19,7,144,3,22955.63,68866.89
20,8,28,4,9491.53,37966.12
21,9,71,3,5509.02,16527.06
22,10,67,3,2990.4,8971.2
23,10,49,2,9594.97,19189.94
24,10,133,2,16109.5,32219.0
25,10,15,4,15602.58,62410.32
26,11,36,1,9561.23,9561.23
27,11,128,3,8392.41,25177.23
28,12,108,4,1831.68,7326.72
29,13,10,2,8093.35,16186.7
30,14,57,4,4472.44,17889.76
31,15,92,3,18047.91,54143.73
32,15,44,2,11581.63,23163.26
33,15,76,1,1807.39,1807.39
34,15,121,2,1893.68,3787.36
35,16,144,2,22955.63,45911.26
36,16,86,1,16118.18,16118.18
37,16,57,3,4472.44,13417.32
38,17,79,4,24688.43,98753.72
39,18,85,3,23639.85,70919.55
40,18,67,3,2990.4,8971.2
41,18,119,1,12483.89,12483.89
42,19,150,1,17748.97,17748.97
43,19,121,2,1893.68,3787.36
44,20,98,3,14084.92,42254.76
45,20,106,1,6903.43,6903.43
46,21,39,2,17379.63,34759.26
47,21,52,3,20836.69,62510.07
48,21,105,4,23233.2,92932.8
49,21,37,3,15473.74,46421.22
50,22,47,1,16008.57,16008.57
51,22,125,3,11555.41,34666.23
52,22,46,3,1938.16,5814.48
53,22,15,1,15602.58,15602.58
54,23,54,2,16975.34,33950.68
55,23,148,2,2128.4,4256.8
56,24,23,2,12754.2,25508.4
57,24,112,4,1338.09,5352.36
58,25,123,4,14376.65,57506.6
59,25,2,1,17522.37,17522.37
60,26,96,1,20810.12,20810.12
61,26,83,2,2928.87,5857.74
62,27,2,2,17522.37,35044.74
63,28,89,3,3241.17,9723.51
64,29,99,3,21851.82,65555.46
65,30,12,3,11424.17,34272.51
66,31,117,3,1463.07,4389.21
67,31,112,2,1338.09,2676.18
68,31,88,4,22490.74,89962.96
69,31,92,2,18047.91,36095.82
70,32,104,1,15376.97,15376.97
71,33,34,2,1962.22,3924.44
72,34,130,2,5982.09,11964.18
73,34,32,3,8365.67,25097.01
74,34,10,4,8093.35,32373.4
75,35,66,1,3004.23,3004.23
76,35,13,1,24256.6,24256.6
77,35,6,1,24988.35,24988.35
78,35,30,4,18642.16,74568.64
79,36,32,3,8365.67,25097.01
80,36,122,2,11546.88,23093.76
81,37,3,3,12394.5,37183.5
82,38,26,3,14539.09,43617.27
83,38,36,4,9561.23,38244.92
84,39,27,1,13509.66,13509.66
85,39,73,1,10012.68,10012.68
86,39,28,4,9491.53,37966.12
87,40,52,3,20836.69,62510.07
88,41,52,3,20836.69,62510.07
89,41,105,3,23233.2,69699.6
90,41,42,1,4331.59,4331.59
91,42,54,4,16975.34,67901.36
92,42,85,2,23639.85,47279.7
93,43,23,1,12754.2,12754.2
94,44,127,2,13145.67,26291.34
95,44,24,1,19338.61,19338.61
96,44,26,3,14539.09,43617.27
97,45,117,3,1463.07,4389.21
98,45,68,4,11394.73,45578.92
99,46,45,1,22481.82,22481.82
100,47,93,3,10402.96,31208.88
101,47,110,1,9313.32,9313.32
102,47,25,1,6751.6,6751.6
103,47,3,2,12394.5,24789.0
104,48,44,3,11581.63,34744.89
105,48,92,4,18047.91,72191.64
106,49,69,1,18581.5,18581.5
107,49,96,3,20810.12,62430.36
108,49,47,1,16008.57,16008.57
109,49,103,4,14394.09,57576.36
110,49,117,3,1463.07,4389.21
111,50,123,4,14376.65,57506.6
112,50,43,1,17109.05,17109.05
113,50,34,1,1962.22,1962.22
114,51,41,1,3723.69,3723.69
115,51,107,4,251.03,1004.12
116,51,146,4,2452.2,9808.8
117,51,47,4,16008.57,64034.28
118,51,92,1,18047.91,18047.91
119,52,34,4,1962.22,7848.88
120,52,125,1,11555.41,11555.41
121,52,106,4,6903.43,27613.72
122,52,12,1,11424.17,11424.17
123,53,81,1,19769.62,19769.62
124,54,135,2,14825.35,29650.7
125,54,87,1,10713.21,10713.21
126,54,111,2,2214.43,4428.86
127,55,99,2,21851.82,43703.64
128,55,143,1,13148.31,13148.31
129,56,41,4,3723.69,14894.76
130,57,43,1,17109.05,17109.05
131,57,126,3,21126.66,63379.98
132,57,62,3,13459.65,40378.95
133,57,72,1,24524.1,24524.1
134,58,141,4,2676.2,10704.8
135,58,104,2,15376.97,30753.94
136,59,114,4,18897.08,75588.32
137,60,128,4,8392.41,33569.64
138,61,128,1,8392.41,8392.41
139,62,106,1,6903.43,6903.43
140,63,1,1,23036.69,23036.69
141,63,78,2,19736.23,39472.46
142,64,117,3,1463.07,4389.21
143,64,94,1,18266.35,18266.35
144,65,117,3,1463.07,4389.21
145,65,144,4,22955.63,91822.52
146,65,94,4,18266.35,73065.4
147,66,57,1,4472.44,4472.44
148,67,75,3,19690.19,59070.57
149,68,12,2,11424.17,22848.34
150,68,127,2,13145.67,26291.34
151,68,105,1,23233.2,23233.2
152,69,51,2,14190.63,28381.26
153,70,101,2,5396.2,10792.4
154,71,49,3,9594.97,28784.91
155,71,28,4,9491.53,37966.12
156,72,32,4,8365.67,33462.68
157,73,130,2,5982.09,11964.18
158,73,128,1,8392.41,8392.41
159,74,13,4,24256.6,97026.4
160,74,150,4,17748.97,70995.88
161,75,46,2,1938.16,3876.32
162,75,33,1,22769.0,22769.0
163,75,100,3,15049.21,45147.63
164,75,130,4,5982.09,23928.36
165,76,64,3,11838.77,35516.31
166,76,102,3,8816.84,26450.52
167,77,116,2,16710.6,33421.2
168,77,36,4,9561.23,38244.92
169,77,132,3,11651.43,34954.29
170,77,141,3,2676.2,8028.6
171,77,142,2,16187.56,32375.12
172,78,75,3,19690.19,59070.57
173,79,34,2,1962.22,3924.44
174,79,129,3,13311.06,39933.18
175,79,30,3,18642.16,55926.48
176,79,144,4,22955.63,91822.52
177,80,107,3,251.03,753.09
178,80,109,1,5455.81,5455.81
179,81,7,4,19100.41,76401.64
180,81,38,1,10904.89,10904.89
181,82,52,3,20836.69,62510.07
182,82,42,3,4331.59,12994.77
183,83,38,1,10904.89,10904.89
184,83,76,2,1807.39,3614.78
185,84,9,3,24228.48,72685.44
186,84,116,1,16710.6,16710.6
187,84,144,2,22955.63,45911.26
188,85,144,4,22955.63,91822.52
189,85,61,3,9206.8,27620.4
190,85,13,4,24256.6,97026.4
191,86,81,1,19769.62,19769.62
192,87,65,2,5611.04,11222.08
193,88,114,2,18897.08,37794.16
194,88,95,2,9419.1,18838.2
195,89,50,3,645.3,1935.9
196,89,115,2,7151.84,14303.68
197,89,20,2,16226.97,32453.94
198,90,132,1,11651.43,11651.43
199,90,97,1,20312.06,20312.06
200,90,110,3,9313.32,27939.96
201,90,143,3,13148.31,39444.93
202,90,34,2,1962.22,3924.44
203,91,66,1,3004.23,3004.23
204,91,85,4,23639.85,94559.4
205,92,40,1,19922.97,19922.97
206,92,40,3,19922.97,59768.91
207,92,14,3,11602.21,34806.63
208,93,147,3,18119.97,54359.91
209,93,19,3,5694.05,17082.15
210,94,48,1,5059.5,5059.5
211,94,130,2,5982.09,11964.18
212,95,138,4,12724.99,50899.96
213,95,24,3,19338.61,58015.83
214,96,55,3,7791.43,23374.29
215,97,76,2,1807.39,3614.78
216,98,136,4,11596.39,46385.56
217,98,144,1,22955.63,22955.63
218,98,30,3,18642.16,55926.48
219,98,115,2,7151.84,14303.68
220,98,63,1,9586.53,9586.53
221,99,83,4,2928.87,11715.48
222,99,30,4,18642.16,74568.64
223,100,73,1,10012.68,10012.68
224,101,96,4,20810.12,83240.48
225,101,125,1,11555.41,11555.41
226,101,76,2,1807.39,3614.78
227,101,83,1,2928.87,2928.87
228,102,43,1,17109.05,17109.05
229,102,17,2,3122.51,6245.02
230,102,55,4,7791.43,31165.72
231,102,27,2,13509.66,27019.32
232,103,112,1,1338.09,1338.09
233,103,40,1,19922.97,19922.97
234,104,85,1,23639.85,23639.85
235,104,23,1,12754.2,12754.2
236,105,65,1,5611.04,5611.04
237,106,59,3,24186.86,72560.58
238,106,105,4,23233.2,92932.8
239,107,104,4,15376.97,61507.88
240,107,81,1,19769.62,19769.62
241,108,31,1,12432.68,12432.68
242,109,17,1,3122.51,3122.51
243,109,19,3,5694.05,17082.15
244,110,28,3,9491.53,28474.59
245,110,78,1,19736.23,19736.23
246,110,73,4,10012.68,40050.72
247,110,98,4,14084.92,56339.68
248,111,8,4,22909.21,91636.84
249,111,41,2,3723.69,7447.38
250,111,35,4,17347.34,69389.36
251,112,140,3,15163.65,45490.95
252,112,37,3,15473.74,46421.22
253,112,96,1,20810.12,20810.12
254,113,143,2,13148.31,26296.62
255,113,32,1,8365.67,8365.67
256,114,101,1,5396.2,5396.2
257,115,89,2,3241.17,6482.34
258,116,132,2,11651.43,23302.86
259,116,42,2,4331.59,8663.18
260,117,65,2,5611.04,11222.08
261,118,146,1,2452.2,2452.2
262,119,141,4,2676.2,10704.8
263,119,141,1,2676.2,2676.2
264,119,75,1,19690.19,19690.19
265,119,65,1,5611.04,5611.04
266,120,149,4,24194.64,96778.56
267,121,92,2,18047.91,36095.82
268,121,61,1,9206.8,9206.8
269,121,73,1,10012.68,10012.68
270,121,50,3,645.3,1935.9
271,121,125,4,11555.41,46221.64
272,122,79,2,24688.43,49376.86
273,123,94,3,18266.35,54799.05
274,123,110,2,9313.32,18626.64
275,124,64,2,11838.77,23677.54
276,125,112,3,1338.09,4014.27
277,125,93,2,10402.96,20805.92
278,125,85,4,23639.85,94559.4
279,126,92,3,18047.91,54143.73
280,126,125,1,11555.41,11555.41
281,127,21,3,17663.75,52991.25
282,128,36,2,9561.23,19122.46
283,128,68,1,11394.73,11394.73
284,128,20,1,16226.97,16226.97
285,128,130,1,5982.09,5982.09
286,129,149,4,24194.64,96778.56
287,129,55,1,7791.43,7791.43
288,129,142,3,16187.56,48562.68
289,130,139,4,11297.37,45189.48
290,130,39,3,17379.63,52138.89
291,131,75,2,19690.19,39380.38
292,132,131,1,15098.73,15098.73
293,132,102,3,8816.84,26450.52
294,133,62,2,13459.65,26919.3
295,133,132,2,11651.43,23302.86
296,134,46,2,1938.16,3876.32
297,134,124,3,10184.3,30552.9
298,135,125,2,11555.41,23110.82
299,136,95,2,9419.1,18838.2
300,137,53,3,20067.11,60201.33
301,138,117,1,1463.07,1463.07
302,139,83,1,2928.87,2928.87
303,140,134,3,11049.09,33147.27
304,140,68,2,11394.73,22789.46
305,140,97,4,20312.06,81248.24
306,141,20,3,16226.97,48680.91
307,142,58,4,12593.69,50374.76
308,143,89,4,3241.17,12964.68
309,144,2,2,17522.37,35044.74
310,144,113,2,12191.98,24383.96
311,144,59,1,24186.86,24186.86
312,145,72,2,24524.1,49048.2
313,145,39,2,17379.63,34759.26
314,146,31,2,12432.68,24865.36
315,147,85,1,23639.85,23639.85
316,147,124,4,10184.3,40737.2
317,148,42,4,4331.59,17326.36
318,148,6,2,24988.35,49976.7
319,149,147,2,18119.97,36239.94
320,150,132,1,11651.43,11651.43
321,151,38,1,10904.89,10904.89
322,151,43,3,17109.05,51327.15
323,151,47,4,16008.57,64034.28
324,151,145,1,1402.9,1402.9
325,152,73,1,10012.68,10012.68
326,152,56,4,18334.76,73339.04
327,152,121,4,1893.68,7574.72
328,152,44,2,11581.63,23163.26
329,153,37,2,15473.74,30947.48
330,153,131,3,15098.73,45296.19
331,153,43,3,17109.05,51327.15
332,154,18,2,7836.68,15673.36
333,154,97,4,20312.06,81248.24
334,154,34,1,1962.22,1962.22
335,154,5,2,5799.22,11598.44
336,155,130,4,5982.09,23928.36
337,155,39,1,17379.63,17379.63
338,156,10,1,8093.35,8093.35
339,157,34,1,1962.22,1962.22
340,158,111,4,2214.43,8857.72
341,158,95,1,9419.1,9419.1
342,158,136,4,11596.39,46385.56
343,158,59,4,24186.86,96747.44
344,159,98,3,14084.92,42254.76
345,159,148,1,2128.4,2128.4
346,159,109,2,5455.81,10911.62
347,160,60,1,24075.04,24075.04
348,161,140,4,15163.65,60654.6
349,162,2,1,17522.37,17522.37
350,163,31,1,12432.68,12432.68
351,163,97,2,20312.06,40624.12
352,164,81,4,19769.62,79078.48
353,164,93,1,10402.96,10402.96
354,165,150,3,17748.97,53246.91
355,166,138,4,12724.99,50899.96
356,167,71,4,5509.02,22036.08
357,167,53,4,20067.11,80268.44
358,168,143,4,13148.31,52593.24
359,168,46,3,1938.16,5814.48
360,169,124,3,10184.3,30552.9
361,169,79,3,24688.43,74065.29
362,170,102,2,8816.84,17633.68
363,170,31,2,12432.68,24865.36
364,170,115,2,7151.84,14303.68
365,171,131,4,15098.73,60394.92
366,172,141,1,2676.2,2676.2
367,172,42,4,4331.59,17326.36
368,172,2,1,17522.37,17522.37
369,173,121,4,1893.68,7574.72
370,173,23,1,12754.2,12754.2
371,173,68,2,11394.73,22789.46
372,174,10,4,8093.35,32373.4
373,175,103,3,14394.09,43182.27
374,175,15,2,15602.58,31205.16
375,175,127,4,13145.67,52582.68
376,175,3,2,12394.5,24789.0
377,176,133,3,16109.5,48328.5
378,176,50,1,645.3,645.3
379,176,131,2,15098.73,30197.46
380,176,44,1,11581.63,11581.63
381,177,1,2,23036.69,46073.38
382,178,71,4,5509.02,22036.08
383,179,102,4,8816.84,35267.36
384,180,133,1,16109.5,16109.5
385,180,18,1,7836.68,7836.68
386,181,144,3,22955.63,68866.89
387,181,89,3,3241.17,9723.51
388,182,50,4,645.3,2581.2
389,183,148,1,2128.4,2128.4
390,183,67,2,2990.4,5980.8
391,183,105,1,23233.2,23233.2
392,183,144,1,22955.63,22955.63
393,184,88,1,22490.74,22490.74
394,184,132,3,11651.43,34954.29
395,185,148,3,2128.4,6385.2
396,185,114,4,18897.08,75588.32
397,185,145,4,1402.9,5611.6
398,185,63,3,9586.53,28759.59
399,186,118,4,19126.61,76506.44
400,186,8,4,22909.21,91636.84
401,186,30,3,18642.16,55926.48
402,186,18,4,7836.68,31346.72
403,186,57,2,4472.44,8944.88
404,187,106,3,6903.43,20710.29
405,187,133,1,16109.5,16109.5
406,187,68,2,11394.73,22789.46
407,188,103,3,14394.09,43182.27
408,189,46,4,1938.16,7752.64
409,190,56,3,18334.76,55004.28
410,191,49,4,9594.97,38379.88
411,192,61,2,9206.8,18413.6
412,192,68,2,11394.73,22789.46
413,192,59,2,24186.86,48373.72
414,193,92,2,18047.91,36095.82
415,193,28,1,9491.53,9491.53
416,193,21,4,17663.75,70655.0
417,194,139,1,11297.37,11297.37
418,194,124,3,10184.3,30552.9
419,195,127,3,13145.67,39437.01
420,195,126,2,21126.66,42253.32
421,196,131,3,15098.73,45296.19
422,196,102,2,8816.84,17633.68
423,196,148,2,2128.4,4256.8
424,196,14,4,11602.21,46408.84
425,196,123,1,14376.65,14376.65
426,197,101,2,5396.2,10792.4
427,197,118,1,19126.61,19126.61
428,198,118,3,19126.61,57379.83
429,198,3,1,12394.5,12394.5
430,199,98,1,14084.92,14084.92
431,199,84,3,12878.63,38635.89
432,200,67,2,2990.4,5980.8
433,200,141,3,2676.2,8028.6
434,201,121,3,1893.68,5681.04
435,202,128,4,8392.41,33569.64
436,203,96,3,20810.12,62430.36
437,204,72,4,24524.1,98096.4
438,204,47,2,16008.57,32017.14
439,204,148,2,2128.4,4256.8
440,204,26,3,14539.09,43617.27
441,205,143,4,13148.31,52593.24
442,205,98,2,14084.92,28169.84
443,205,38,2,10904.89,21809.78
444,206,3,2,12394.5,24789.0
445,206,108,4,1831.68,7326.72
446,207,133,3,16109.5,48328.5
447,208,77,3,5476.19,16428.57
448,208,144,1,22955.63,22955.63
449,208,102,1,8816.84,8816.84
450,209,16,2,6748.7,13497.4
451,209,66,4,3004.23,12016.92
452,210,25,4,6751.6,27006.4
453,210,86,3,16118.18,48354.54
454,210,93,3,10402.96,31208.88
455,211,66,3,3004.23,9012.69
456,211,6,4,24988.35,99953.4
457,212,51,2,14190.63,28381.26
458,213,73,3,10012.68,30038.04
459,213,84,4,12878.63,51514.52
460,213,115,1,7151.84,7151.84
461,213,98,3,14084.92,42254.76
462,213,119,2,12483.89,24967.78
463,214,87,4,10713.21,42852.84
464,214,147,4,18119.97,72479.88
465,214,19,1,5694.05,5694.05
466,214,42,3,4331.59,12994.77
467,215,82,3,4437.73,13313.19
468,216,102,3,8816.84,26450.52
469,216,114,3,18897.08,56691.24
470,216,134,4,11049.09,44196.36
471,217,48,1,5059.5,5059.5
472,217,33,2,22769.0,45538.0
473,218,21,2,17663.75,35327.5
474,218,43,4,17109.05,68436.2
475,219,17,4,3122.51,12490.04
476,220,7,4,19100.41,76401.64
477,220,135,1,14825.35,14825.35
478,221,40,1,19922.97,19922.97
479,222,100,3,15049.21,45147.63
480,222,59,2,24186.86,48373.72
481,223,114,2,18897.08,37794.16
482,223,34,2,1962.22,3924.44
483,223,8,1,22909.21,22909.21
484,224,84,4,12878.63,51514.52
485,224,120,3,13360.3,40080.9
486,225,35,2,17347.34,34694.68
487,225,117,4,1463.07,5852.28
488,226,137,3,2009.6,6028.8
489,226,89,4,3241.17,12964.68
490,227,23,4,12754.2,51016.8
491,227,79,3,24688.43,74065.29
492,228,40,3,19922.97,59768.91
493,228,3,1,12394.5,12394.5
494,229,35,3,17347.34,52042.02
495,229,74,4,16601.94,66407.76
496,230,126,4,21126.66,84506.64
497,230,77,1,5476.19,5476.19
498,231,75,2,19690.19,39380.38
499,231,2,3,17522.37,52567.11
500,231,49,4,9594.97,38379.88
501,232,112,4,1338.09,5352.36
502,232,64,2,11838.77,23677.54
503,232,100,4,15049.21,60196.84
504,232,57,3,4472.44,13417.32
505,233,62,3,13459.65,40378.95
506,234,137,3,2009.6,6028.8
507,235,18,2,7836.68,15673.36
508,235,35,3,17347.34,52042.02
509,236,117,4,1463.07,5852.28
510,237,126,2,21126.66,42253.32
511,238,39,1,17379.63,17379.63
512,239,6,2,24988.35,49976.7
513,239,27,3,13509.66,40528.98
514,239,69,2,18581.5,37163.0
515,239,113,1,12191.98,12191.98
516,239,60,1,24075.04,24075.04
517,240,127,2,13145.67,26291.34
518,241,80,4,16559.34,66237.36
519,242,119,1,12483.89,12483.89
520,242,85,1,23639.85,23639.85
521,242,38,1,10904.89,10904.89
522,242,69,4,18581.5,74326.0
523,242,19,4,5694.05,22776.2
524,243,65,4,5611.04,22444.16
525,244,32,2,8365.67,16731.34
526,244,99,4,21851.82,87407.28
527,244,64,1,11838.77,11838.77
528,245,25,2,6751.6,13503.2
529,246,80,3,16559.34,49678.02
530,246,41,1,3723.69,3723.69
531,247,141,1,2676.2,2676.2
532,247,65,4,5611.04,22444.16
533,247,77,2,5476.19,10952.38
534,248,14,2,11602.21,23204.42
535,249,61,4,9206.8,36827.2
536,249,84,1,12878.63,12878.63
537,249,43,3,17109.05,51327.15
538,249,150,1,17748.97,17748.97
539,249,102,2,8816.84,17633.68
540,250,11,4,17371.47,69485.88
541,251,40,3,19922.97,59768.91
542,251,23,2,12754.2,25508.4
543,252,24,3,19338.61,58015.83
544,253,16,1,6748.7,6748.7
545,253,92,2,18047.91,36095.82
546,253,138,1,12724.99,12724.99
547,253,33,4,22769.0,91076.0
548,254,143,3,13148.31,39444.93
549,255,113,2,12191.98,24383.96
550,255,6,4,24988.35,99953.4
551,255,92,2,18047.91,36095.82
552,256,11,4,17371.47,69485.88
553,257,144,3,22955.63,68866.89
554,257,139,4,11297.37,45189.48
555,257,49,2,9594.97,19189.94
556,258,83,4,2928.87,11715.48
557,258,71,2,5509.02,11018.04
558,259,40,4,19922.97,79691.88
559,260,68,3,11394.73,34184.19
560,261,130,4,5982.09,23928.36
561,261,48,1,5059.5,5059.5
562,262,94,2,18266.35,36532.7
563,262,83,1,2928.87,2928.87
564,263,138,4,12724.99,50899.96
565,263,49,4,9594.97,38379.88
566,264,40,3,19922.97,59768.91
567,264,83,4,2928.87,11715.48
568,264,83,1,2928.87,2928.87
569,265,18,1,7836.68,7836.68
570,266,34,2,1962.22,3924.44
571,266,9,2,24228.48,48456.96
572,266,28,4,9491.53,37966.12
573,267,9,4,24228.48,96913.92
574,268,135,3,14825.35,44476.05
575,268,13,3,24256.6,72769.8
576,269,19,1,5694.05,5694.05
577,270,54,4,16975.34,67901.36
578,270,21,4,17663.75,70655.0
579,270,16,3,6748.7,20246.1
580,270,143,4,13148.31,52593.24
581,271,15,3,15602.58,46807.74
582,271,136,1,11596.39,11596.39
583,271,19,3,5694.05,17082.15
584,272,56,1,18334.76,18334.76
585,273,60,4,24075.04,96300.16
586,274,135,2,14825.35,29650.7
587,275,46,4,1938.16,7752.64
588,275,28,3,9491.53,28474.59
589,276,110,1,9313.32,9313.32
590,276,43,2,17109.05,34218.1
591,277,130,3,5982.09,17946.27
592,277,41,4,3723.69,14894.76
593,278,81,3,19769.62,59308.86
594,278,96,4,20810.12,83240.48
595,278,111,3,2214.43,6643.29
596,278,62,2,13459.65,26919.3
597,279,141,3,2676.2,8028.6
598,280,116,4,16710.6,66842.4
599,281,1,1,23036.69,23036.69
600,281,73,1,10012.68,10012.68
601,281,133,2,16109.5,32219.0
602,281,78,1,19736.23,19736.23
603,281,77,2,5476.19,10952.38
604,282,81,1,19769.62,19769.62
605,283,71,2,5509.02,11018.04
606,283,25,1,6751.6,6751.6
607,283,118,3,19126.61,57379.83
608,284,68,3,11394.73,34184.19
609,285,64,2,11838.77,23677.54
610,285,66,3,3004.23,9012.69
611,285,24,4,19338.61,77354.44
612,285,146,2,2452.2,4904.4
613,286,84,4,12878.63,51514.52
614,286,45,4,22481.82,89927.28
615,286,148,1,2128.4,2128.4
616,287,77,1,5476.19,5476.19
617,287,148,4,2128.4,8513.6
618,288,15,3,15602.58,46807.74
619,289,112,4,1338.09,5352.36
620,290,31,2,12432.68,24865.36
621,290,3,4,12394.5,49578.0
622,290,14,3,11602.21,34806.63
623,290,135,1,14825.35,14825.35
624,291,145,2,1402.9,2805.8
625,292,57,2,4472.44,8944.88
626,293,101,4,5396.2,21584.8
627,294,148,1,2128.4,2128.4
628,294,57,4,4472.44,17889.76
629,294,75,4,19690.19,78760.76
630,295,87,1,10713.21,10713.21
631,296,13,4,24256.6,97026.4
632,296,68,1,11394.73,11394.73
633,297,112,2,1338.09,2676.18
634,298,124,2,10184.3,20368.6
635,298,125,4,11555.41,46221.64
636,298,147,2,18119.97,36239.94
637,299,135,2,14825.35,29650.7
638,299,63,1,9586.53,9586.53
639,300,111,3,2214.43,6643.29
640,301,148,1,2128.4,2128.4
641,301,29,4,14336.76,57347.04
642,302,90,2,9583.52,19167.04
643,302,83,3,2928.87,8786.61
644,303,7,3,19100.41,57301.23
645,303,44,3,11581.63,34744.89
646,304,114,2,18897.08,37794.16
647,304,113,1,12191.98,12191.98
648,305,60,2,24075.04,48150.08
649,305,96,2,20810.12,41620.24
650,305,22,1,11472.98,11472.98
651,305,14,2,11602.21,23204.42
652,306,38,3,10904.89,32714.67
653,306,4,3,18388.89,55166.67
654,306,29,3,14336.76,43010.28
655,306,116,4,16710.6,66842.4
656,307,54,2,16975.34,33950.68
657,308,134,3,11049.09,33147.27
658,309,37,1,15473.74,15473.74
659,309,97,1,20312.06,20312.06
660,310,16,3,6748.7,20246.1
661,311,70,1,15428.74,15428.74
662,312,3,1,12394.5,12394.5
663,312,100,3,15049.21,45147.63
664,313,93,1,10402.96,10402.96
665,313,5,3,5799.22,17397.66
666,314,99,2,21851.82,43703.64
667,314,98,1,14084.92,14084.92
668,314,81,4,19769.62,79078.48
669,314,137,1,2009.6,2009.6
670,315,129,4,13311.06,53244.24
671,316,6,1,24988.35,24988.35
672,316,64,3,11838.77,35516.31
673,317,101,2,5396.2,10792.4
674,318,91,3,12687.22,38061.66
675,319,61,3,9206.8,27620.4
676,319,16,3,6748.7,20246.1
677,320,8,3,22909.21,68727.63
678,320,58,2,12593.69,25187.38
679,320,88,4,22490.74,89962.96
680,320,36,1,9561.23,9561.23
681,321,134,2,11049.09,22098.18
682,321,107,2,251.03,502.06
683,321,147,2,18119.97,36239.94
684,322,80,3,16559.34,49678.02
685,322,115,2,7151.84,14303.68
686,323,36,2,9561.23,19122.46
687,324,80,2,16559.34,33118.68
688,324,111,2,2214.43,4428.86
689,324,145,2,1402.9,2805.8
690,324,82,1,4437.73,4437.73
691,325,31,2,12432.68,24865.36
692,325,82,2,4437.73,8875.46
693,326,82,4,4437.73,17750.92
694,326,106,3,6903.43,20710.29
695,326,114,3,18897.08,56691.24
696,327,49,1,9594.97,9594.97
697,328,7,3,19100.41,57301.23
698,329,60,2,24075.04,48150.08
699,329,60,1,24075.04,24075.04
700,330,123,2,14376.65,28753.3
701,331,121,3,1893.68,5681.04
702,331,48,4,5059.5,20238.0
703,332,36,2,9561.23,19122.46
704,332,50,2,645.3,1290.6
705,333,4,3,18388.89,55166.67
706,334,57,2,4472.44,8944.88
707,334,53,1,20067.11,20067.11
708,334,46,4,1938.16,7752.64
709,334,126,3,21126.66,63379.98
710,334,118,2,19126.61,38253.22
711,335,11,4,17371.47,69485.88
712,335,81,4,19769.62,79078.48
713,336,147,1,18119.97,18119.97
714,336,134,1,11049.09,11049.09
715,337,11,2,17371.47,34742.94
716,337,133,4,16109.5,64438.0
717,338,11,4,17371.47,69485.88
718,338,133,1,16109.5,16109.5
719,338,49,3,9594.97,28784.91
720,338,113,4,12191.98,48767.92
721,338,78,3,19736.23,59208.69
722,339,109,3,5455.81,16367.43
723,339,14,2,11602.21,23204.42
724,340,116,1,16710.6,16710.6
725,340,129,1,13311.06,13311.06
726,341,150,2,17748.97,35497.94
727,342,83,4,2928.87,11715.48
728,343,117,2,1463.07,2926.14
729,344,24,3,19338.61,58015.83
730,344,83,2,2928.87,5857.74
731,344,32,1,8365.67,8365.67
732,344,30,4,18642.16,74568.64
733,345,22,4,11472.98,45891.92
734,345,131,2,15098.73,30197.46
735,346,98,1,14084.92,14084.92
736,347,86,2,16118.18,32236.36
737,347,42,2,4331.59,8663.18
738,347,46,1,1938.16,1938.16
739,348,80,4,16559.34,66237.36
740,348,74,2,16601.94,33203.88
741,349,34,2,1962.22,3924.44
742,350,65,1,5611.04,5611.04
743,351,128,1,8392.41,8392.41
744,351,127,2,13145.67,26291.34
745,352,122,4,11546.88,46187.52
746,353,21,1,17663.75,17663.75
747,353,63,3,9586.53,28759.59
748,354,143,2,13148.31,26296.62
749,354,13,2,24256.6,48513.2
750,355,90,1,9583.52,9583.52
751,356,9,3,24228.48,72685.44
752,357,23,1,12754.2,12754.2
753,358,46,2,1938.16,3876.32
754,359,147,2,18119.97,36239.94
755,359,117,3,1463.07,4389.21
756,360,24,3,19338.61,58015.83
757,360,83,3,2928.87,8786.61
758,360,98,1,14084.92,14084.92
759,360,110,1,9313.32,9313.32
760,361,35,1,17347.34,17347.34
761,362,71,3,5509.02,16527.06
762,362,135,4,14825.35,59301.4
763,363,54,1,16975.34,16975.34
764,363,28,1,9491.53,9491.53
765,364,74,4,16601.94,66407.76
766,364,82,3,4437.73,13313.19
767,365,91,2,12687.22,25374.44
768,365,145,4,1402.9,5611.6
769,366,128,4,8392.41,33569.64
770,366,47,2,16008.57,32017.14
771,367,50,1,645.3,645.3
772,367,31,1,12432.68,12432.68
773,367,120,1,13360.3,13360.3
774,368,54,4,16975.34,67901.36
775,368,106,1,6903.43,6903.43
776,368,86,3,16118.18,48354.54
777,369,55,1,7791.43,7791.43
778,369,52,3,20836.69,62510.07
779,370,18,3,7836.68,23510.04
780,371,141,3,2676.2,8028.6
781,372,30,3,18642.16,55926.48
782,372,88,4,22490.74,89962.96
783,372,146,1,2452.2,2452.2
784,373,50,3,645.3,1935.9
785,373,87,4,10713.21,42852.84
786,373,122,1,11546.88,11546.88
787,374,124,2,10184.3,20368.6
788,374,118,3,19126.61,57379.83
789,375,106,1,6903.43,6903.43
790,375,134,3,11049.09,33147.27
791,376,81,1,19769.62,19769.62
792,376,54,3,16975.34,50926.02
793,377,91,1,12687.22,12687.22
794,377,39,3,17379.63,52138.89
795,377,8,3,22909.21,68727.63
796,378,137,2,2009.6,4019.2
797,378,147,4,18119.97,72479.88
798,378,48,1,5059.5,5059.5
799,378,79,3,24688.43,74065.29
800,378,9,3,24228.48,72685.44
801,379,128,2,8392.41,16784.82
802,379,96,4,20810.12,83240.48
803,380,78,2,19736.23,39472.46
804,380,135,3,14825.35,44476.05
805,380,45,1,22481.82,22481.82
806,381,10,2,8093.35,16186.7
807,382,114,1,18897.08,18897.08
808,382,124,2,10184.3,20368.6
809,382,49,3,9594.97,28784.91
810,382,124,3,10184.3,30552.9
811,383,37,1,15473.74,15473.74
812,383,133,2,16109.5,32219.0
813,383,53,1,20067.11,20067.11
814,384,134,1,11049.09,11049.09
815,384,2,3,17522.37,52567.11
816,385,23,3,12754.2,38262.6
817,385,120,1,13360.3,13360.3
818,385,27,3,13509.66,40528.98
819,385,6,3,24988.35,74965.05
820,386,54,3,16975.34,50926.02
821,386,52,2,20836.69,41673.38
822,387,137,3,2009.6,6028.8
823,388,31,3,12432.68,37298.04
824,388,39,2,17379.63,34759.26
825,388,71,1,5509.02,5509.02
826,389,144,1,22955.63,22955.63
827,390,90,3,9583.52,28750.56
828,391,73,2,10012.68,20025.36
829,392,80,3,16559.34,49678.02
830,393,13,2,24256.6,48513.2
831,393,8,4,22909.21,91636.84
832,394,13,1,24256.6,24256.6
833,394,99,1,21851.82,21851.82
834,394,23,4,12754.2,51016.8
835,394,101,2,5396.2,10792.4
836,395,115,3,7151.84,21455.52
837,395,80,3,16559.34,49678.02
838,395,51,1,14190.63,14190.63
839,396,120,2,13360.3,26720.6
840,396,24,4,19338.61,77354.44
841,396,25,4,6751.6,27006.4
842,396,80,4,16559.34,66237.36
843,396,121,2,1893.68,3787.36
844,397,37,3,15473.74,46421.22
845,397,94,4,18266.35,73065.4
846,397,47,3,16008.57,48025.71
847,397,84,4,12878.63,51514.52
848,398,17,4,3122.51,12490.04
849,398,29,3,14336.76,43010.28
850,399,44,3,11581.63,34744.89
851,399,90,2,9583.52,19167.04
852,400,104,1,15376.97,15376.97
853,400,84,1,12878.63,12878.63
854,401,137,4,2009.6,8038.4
855,401,103,4,14394.09,57576.36
856,401,62,2,13459.65,26919.3
857,402,124,4,10184.3,40737.2
858,402,17,3,3122.51,9367.53
859,403,111,4,2214.43,8857.72
860,404,88,2,22490.74,44981.48
861,404,45,1,22481.82,22481.82
862,405,147,4,18119.97,72479.88
863,405,30,4,18642.16,74568.64
864,405,84,1,12878.63,12878.63
865,406,46,3,1938.16,5814.48
866,406,104,1,15376.97,15376.97
867,406,28,4,9491.53,37966.12
868,407,16,1,6748.7,6748.7
869,408,36,1,9561.23,9561.23
870,409,39,4,17379.63,69518.52
871,409,137,3,2009.6,6028.8
872,409,100,4,15049.21,60196.84
873,410,82,3,4437.73,13313.19
874,411,78,4,19736.23,78944.92
875,411,89,1,3241.17,3241.17
876,412,131,4,15098.73,60394.92
877,412,33,3,22769.0,68307.0
878,413,141,1,2676.2,2676.2
879,414,144,3,22955.63,68866.89
880,415,73,1,10012.68,10012.68
881,416,101,3,5396.2,16188.6
882,417,104,4,15376.97,61507.88
883,417,112,2,1338.09,2676.18
884,417,45,4,22481.82,89927.28
885,418,143,4,13148.31,52593.24
886,419,93,4,10402.96,41611.84
887,419,40,3,19922.97,59768.91
888,419,33,2,22769.0,45538.0
889,420,5,2,5799.22,11598.44
890,421,125,4,11555.41,46221.64
891,421,35,1,17347.34,17347.34
892,421,36,4,9561.23,38244.92
893,422,109,2,5455.81,10911.62
894,422,117,4,1463.07,5852.28
895,422,142,4,16187.56,64750.24
896,422,99,3,21851.82,65555.46
897,423,109,1,5455.81,5455.81
898,424,61,3,9206.8,27620.4
899,424,106,3,6903.43,20710.29
900,425,10,4,8093.35,32373.4
901,426,29,4,14336.76,57347.04
902,426,21,2,17663.75,35327.5
903,426,135,3,14825.35,44476.05
904,427,21,1,17663.75,17663.75
905,427,63,4,9586.53,38346.12
906,428,20,3,16226.97,48680.91
907,428,14,3,11602.21,34806.63
908,429,3,4,12394.5,49578.0
909,429,117,4,1463.07,5852.28
910,430,85,4,23639.85,94559.4
911,430,91,3,12687.22,38061.66
912,431,10,3,8093.35,24280.05
913,432,145,3,1402.9,4208.7
914,432,16,4,6748.7,26994.8
915,432,149,2,24194.64,48389.28
916,433,75,1,19690.19,19690.19
917,433,74,4,16601.94,66407.76
918,434,130,1,5982.09,5982.09
919,435,72,3,24524.1,73572.3
920,435,34,3,1962.22,5886.66
921,435,71,3,5509.02,16527.06
922,435,4,1,18388.89,18388.89
923,436,39,4,17379.63,69518.52
924,436,95,2,9419.1,18838.2
925,437,61,4,9206.8,36827.2
926,438,136,1,11596.39,11596.39
927,439,22,2,11472.98,22945.96
928,440,40,4,19922.97,79691.88
929,440,106,4,6903.43,27613.72
930,441,113,2,12191.98,24383.96
931,442,89,1,3241.17,3241.17
932,443,30,1,18642.16,18642.16
933,443,43,4,17109.05,68436.2
934,444,78,4,19736.23,78944.92
935,445,137,2,2009.6,4019.2
936,445,98,4,14084.92,56339.68
937,445,122,3,11546.88,34640.64
938,446,112,1,1338.09,1338.09
939,447,115,4,7151.84,28607.36
940,448,136,1,11596.39,11596.39
941,448,25,3,6751.6,20254.8
942,449,111,3,2214.43,6643.29
943,449,86,3,16118.18,48354.54
944,449,69,1,18581.5,18581.5
945,449,66,4,3004.23,12016.92
946,449,119,2,12483.89,24967.78
947,450,50,3,645.3,1935.9
948,450,47,3,16008.57,48025.71
949,450,141,1,2676.2,2676.2
950,451,18,1,7836.68,7836.68
951,451,106,1,6903.43,6903.43
952,452,115,3,7151.84,21455.52
953,452,57,3,4472.44,13417.32
954,453,9,1,24228.48,24228.48
955,454,15,2,15602.58,31205.16
956,454,32,1,8365.67,8365.67
957,455,34,4,1962.22,7848.88
958,456,145,2,1402.9,2805.8
959,456,29,2,14336.76,28673.52
960,457,120,1,13360.3,13360.3
961,458,71,4,5509.02,22036.08
962,458,83,3,2928.87,8786.61
963,459,19,3,5694.05,17082.15
964,460,98,4,14084.92,56339.68
965,460,86,1,16118.18,16118.18
966,460,67,3,2990.4,8971.2
967,461,18,4,7836.68,31346.72
968,462,52,4,20836.69,83346.76
969,462,46,4,1938.16,7752.64
970,462,28,2,9491.53,18983.06
971,462,139,4,11297.37,45189.48
972,462,56,1,18334.76,18334.76
973,463,67,1,2990.4,2990.4
974,463,9,1,24228.48,24228.48
975,463,19,3,5694.05,17082.15
976,463,115,1,7151.84,7151.84
977,464,39,1,17379.63,17379.63
978,464,10,4,8093.35,32373.4
979,464,69,2,18581.5,37163.0
980,464,85,4,23639.85,94559.4
981,465,132,4,11651.43,46605.72
982,465,123,4,14376.65,57506.6
983,466,18,2,7836.68,15673.36
984,466,1,4,23036.69,92146.76
985,467,124,1,10184.3,10184.3
986,467,146,3,2452.2,7356.6
987,467,86,3,16118.18,48354.54
988,467,103,1,14394.09,14394.09
989,467,24,3,19338.61,58015.83
990,468,88,1,22490.74,22490.74
991,468,118,3,19126.61,57379.83
992,469,46,1,1938.16,1938.16
993,469,99,2,21851.82,43703.64
994,470,100,1,15049.21,15049.21
995,471,92,4,18047.91,72191.64
996,471,22,4,11472.98,45891.92
997,472,36,1,9561.23,9561.23
998,472,50,1,645.3,645.3
999,472,62,4,13459.65,53838.6
1000,473,139,3,11297.37,33892.11
1001,474,116,1,16710.6,16710.6
1002,474,10,3,8093.35,24280.05
1003,475,11,4,17371.47,69485.88
1004,476,134,4,11049.09,44196.36
1005,477,138,2,12724.99,25449.98
1006,477,149,2,24194.64,48389.28
1007,477,19,1,5694.05,5694.05
1008,477,37,4,15473.74,61894.96
1009,478,121,1,1893.68,1893.68
1010,478,63,2,9586.53,19173.06
1011,479,13,3,24256.6,72769.8
1012,480,25,4,6751.6,27006.4
1013,480,44,1,11581.63,11581.63
1014,480,28,1,9491.53,9491.53
1015,481,57,1,4472.44,4472.44
1016,481,52,4,20836.69,83346.76
1017,482,103,3,14394.09,43182.27
1018,483,148,2,2128.4,4256.8
1019,484,55,1,7791.43,7791.43
1020,485,86,1,16118.18,16118.18
1021,485,31,3,12432.68,37298.04
1022,486,107,2,251.03,502.06
1023,487,142,2,16187.56,32375.12
1024,487,113,2,12191.98,24383.96
1025,488,11,2,17371.47,34742.94
1026,488,26,4,14539.09,58156.36
1027,488,41,1,3723.69,3723.69
1028,488,125,1,11555.41,11555.41
1029,489,46,1,1938.16,1938.16
1030,490,73,4,10012.68,40050.72
1031,490,122,2,11546.88,23093.76
1032,490,53,2,20067.11,40134.22
1033,491,134,4,11049.09,44196.36
1034,491,106,2,6903.43,13806.86
1035,492,10,2,8093.35,16186.7
1036,492,128,1,8392.41,8392.41
1037,492,78,3,19736.23,59208.69
1038,492,108,1,1831.68,1831.68
1039,493,50,1,645.3,645.3
1040,493,136,1,11596.39,11596.39
1041,494,139,2,11297.37,22594.74
1042,494,119,2,12483.89,24967.78
1043,495,50,1,645.3,645.3
1044,496,122,4,11546.88,46187.52
1045,496,46,2,1938.16,3876.32
1046,496,12,1,11424.17,11424.17
1047,497,73,2,10012.68,20025.36
1048,497,112,3,1338.09,4014.27
1049,498,117,1,1463.07,1463.07
1050,499,14,2,11602.21,23204.42
1051,500,8,4,22909.21,91636.84
1052,501,19,2,5694.05,11388.1
1053,501,114,3,18897.08,56691.24
1054,502,84,2,12878.63,25757.26
1055,502,29,3,14336.76,43010.28
1056,503,61,4,9206.8,36827.2
1057,504,97,2,20312.06,40624.12
1058,504,19,4,5694.05,22776.2
1059,504,150,4,17748.97,70995.88
1060,504,14,4,11602.21,46408.84
1061,505,117,2,1463.07,2926.14
1062,506,35,4,17347.34,69389.36
1063,507,92,3,18047.91,54143.73
1064,507,52,3,20836.69,62510.07
1065,507,33,1,22769.0,22769.0
1066,508,16,3,6748.7,20246.1
1067,508,35,1,17347.34,17347.34
1068,509,118,4,19126.61,76506.44
1069,509,44,3,11581.63,34744.89
1070,509,57,3,4472.44,13417.32
1071,509,41,2,3723.69,7447.38
1072,510,142,2,16187.56,32375.12
1073,510,23,4,12754.2,51016.8
1074,511,126,2,21126.66,42253.32
1075,511,122,4,11546.88,46187.52
1076,511,72,1,24524.1,24524.1
1077,511,110,2,9313.32,18626.64
1078,512,112,2,1338.09,2676.18
1079,513,39,1,17379.63,17379.63
1080,513,107,1,251.03,251.03
1081,513,11,4,17371.47,69485.88
1082,513,130,1,5982.09,5982.09
1083,514,101,4,5396.2,21584.8
1084,514,26,4,14539.09,58156.36
1085,515,22,1,11472.98,11472.98
1086,515,105,2,23233.2,46466.4
1087,516,76,2,1807.39,3614.78
1088,517,24,1,19338.61,19338.61
1089,517,123,3,14376.65,43129.95
1090,518,118,1,19126.61,19126.61
1091,519,119,2,12483.89,24967.78
1092,519,104,2,15376.97,30753.94
1093,519,95,4,9419.1,37676.4
1094,519,1,1,23036.69,23036.69
1095,519,99,3,21851.82,65555.46
1096,520,76,4,1807.39,7229.56
1097,520,70,2,15428.74,30857.48
1098,521,21,3,17663.75,52991.25
1099,521,15,3,15602.58,46807.74
1100,521,14,1,11602.21,11602.21
1101,522,120,1,13360.3,13360.3
1102,523,45,1,22481.82,22481.82
1103,524,53,2,20067.11,40134.22
1104,524,86,2,16118.18,32236.36
1105,525,123,2,14376.65,28753.3
1106,525,58,3,12593.69,37781.07
1107,526,69,4,18581.5,74326.0
1108,527,17,3,3122.51,9367.53
1109,528,125,1,11555.41,11555.41
1110,529,137,3,2009.6,6028.8
1111,529,116,3,16710.6,50131.8
1112,530,17,2,3122.51,6245.02
1113,530,118,1,19126.61,19126.61
1114,530,21,4,17663.75,70655.0
1115,531,74,1,16601.94,16601.94
1116,531,28,2,9491.53,18983.06
1117,531,71,1,5509.02,5509.02
1118,531,38,4,10904.89,43619.56
1119,532,53,1,20067.11,20067.11
1120,533,139,2,11297.37,22594.74
1121,534,108,4,1831.68,7326.72
1122,534,6,3,24988.35,74965.05
1123,535,6,2,24988.35,49976.7
1124,536,134,3,11049.09,33147.27
1125,536,106,3,6903.43,20710.29
1126,536,84,4,12878.63,51514.52
1127,537,136,4,11596.39,46385.56
1128,537,118,3,19126.61,57379.83
1129,538,79,2,24688.43,49376.86
1130,538,67,2,2990.4,5980.8
1131,539,74,1,16601.94,16601.94
1132,539,38,3,10904.89,32714.67
1133,540,43,2,17109.05,34218.1
1134,541,74,2,16601.94,33203.88
1135,541,45,2,22481.82,44963.64
1136,541,42,2,4331.59,8663.18
1137,542,82,2,4437.73,8875.46
1138,543,95,2,9419.1,18838.2
1139,543,53,1,20067.11,20067.11
1140,544,89,2,3241.17,6482.34
1141,544,96,4,20810.12,83240.48
1142,545,42,3,4331.59,12994.77
1143,545,32,1,8365.67,8365.67
1144,546,128,2,8392.41,16784.82
1145,546,118,3,19126.61,57379.83
1146,547,140,3,15163.65,45490.95
1147,548,76,4,1807.39,7229.56
1148,548,75,2,19690.19,39380.38
1149,549,114,3,18897.08,56691.24
1150,549,29,4,14336.76,57347.04
1151,549,11,2,17371.47,34742.94
1152,550,30,3,18642.16,55926.48
1153,550,7,4,19100.41,76401.64
1154,551,57,4,4472.44,17889.76
1155,551,92,1,18047.91,18047.91
1156,552,50,2,645.3,1290.6
1157,553,72,2,24524.1,49048.2
1158,553,6,1,24988.35,24988.35
1159,553,138,4,12724.99,50899.96
1160,554,23,4,12754.2,51016.8
1161,554,50,4,645.3,2581.2
1162,555,131,1,15098.73,15098.73
1163,556,93,4,10402.96,41611.84
1164,556,38,4,10904.89,43619.56
1165,556,95,4,9419.1,37676.4
1166,556,96,1,20810.12,20810.12
1167,557,90,3,9583.52,28750.56
1168,558,144,1,22955.63,22955.63
1169,558,56,4,18334.76,73339.04
1170,558,107,4,251.03,1004.12
1171,558,74,2,16601.94,33203.88
1172,558,109,4,5455.81,21823.24
1173,559,23,2,12754.2,25508.4
1174,560,122,3,11546.88,34640.64
1175,561,97,1,20312.06,20312.06
1176,562,70,4,15428.74,61714.96
1177,563,119,2,12483.89,24967.78
1178,564,98,3,14084.92,42254.76
1179,565,11,3,17371.47,52114.41
1180,565,150,3,17748.97,53246.91
1181,566,119,2,12483.89,24967.78
1182,566,7,1,19100.41,19100.41
1183,567,77,4,5476.19,21904.76
1184,568,74,4,16601.94,66407.76
1185,569,63,1,9586.53,9586.53
1186,570,71,4,5509.02,22036.08
1187,571,18,3,7836.68,23510.04
1188,571,149,4,24194.64,96778.56
1189,571,145,4,1402.9,5611.6
1190,571,67,4,2990.4,11961.6
1191,571,31,3,12432.68,37298.04
1192,572,148,1,2128.4,2128.4
1193,572,67,2,2990.4,5980.8
1194,573,38,3,10904.89,32714.67
1195,573,119,2,12483.89,24967.78
1196,574,14,3,11602.21,34806.63
1197,575,92,1,18047.91,18047.91
1198,576,136,1,11596.39,11596.39
1199,577,47,1,16008.57,16008.57
1200,577,43,3,17109.05,51327.15
1201,578,78,3,19736.23,59208.69
1202,578,93,1,10402.96,10402.96
1203,578,137,3,2009.6,6028.8
1204,578,37,1,15473.74,15473.74
1205,579,73,3,10012.68,30038.04
1206,580,106,3,6903.43,20710.29
1207,580,42,1,4331.59,4331.59
1208,580,56,2,18334.76,36669.52
1209,581,49,1,9594.97,9594.97
1210,581,107,4,251.03,1004.12
1211,582,30,2,18642.16,37284.32
1212,582,5,4,5799.22,23196.88
1213,582,90,3,9583.52,28750.56
1214,582,93,2,10402.96,20805.92
1215,583,134,3,11049.09,33147.27
1216,583,45,3,22481.82,67445.46
1217,583,8,1,22909.21,22909.21
1218,584,37,2,15473.74,30947.48
1219,585,54,2,16975.34,33950.68
1220,586,109,1,5455.81,5455.81
1221,586,20,1,16226.97,16226.97
1222,586,124,4,10184.3,40737.2
1223,586,11,2,17371.47,34742.94
1224,586,28,1,9491.53,9491.53
1225,587,132,1,11651.43,11651.43
1226,587,121,1,1893.68,1893.68
1227,587,65,1,5611.04,5611.04
1228,588,3,1,12394.5,12394.5
1229,589,53,2,20067.11,40134.22
1230,589,48,3,5059.5,15178.5
1231,589,8,1,22909.21,22909.21
1232,590,72,3,24524.1,73572.3
1233,591,129,2,13311.06,26622.12
1234,592,18,1,7836.68,7836.68
1235,592,149,1,24194.64,24194.64
1236,593,50,3,645.3,1935.9
1237,593,44,1,11581.63,11581.63
1238,594,26,2,14539.09,29078.18
1239,594,130,4,5982.09,23928.36
1240,594,94,2,18266.35,36532.7
1241,594,113,1,12191.98,12191.98
1242,594,47,3,16008.57,48025.71
1243,595,109,2,5455.81,10911.62
1244,595,132,2,11651.43,23302.86
1245,595,105,1,23233.2,23233.2
1246,595,81,1,19769.62,19769.62
1247,595,120,1,13360.3,13360.3
1248,596,127,3,13145.67,39437.01
1249,596,74,1,16601.94,16601.94
1250,597,127,1,13145.67,13145.67
1251,598,117,3,1463.07,4389.21
1252,599,114,2,18897.08,37794.16
1253,599,142,4,16187.56,64750.24
1254,600,110,2,9313.32,18626.64
1255,601,122,3,11546.88,34640.64
1256,601,46,1,1938.16,1938.16
1257,601,126,1,21126.66,21126.66
1258,601,102,4,8816.84,35267.36
1259,602,22,1,11472.98,11472.98
1260,602,37,4,15473.74,61894.96
1261,603,27,2,13509.66,27019.32
1262,603,17,3,3122.51,9367.53
1263,604,87,2,10713.21,21426.42
1264,604,104,1,15376.97,15376.97
1265,604,60,4,24075.04,96300.16
1266,604,128,3,8392.41,25177.23
1267,604,149,3,24194.64,72583.92
1268,605,103,3,14394.09,43182.27
1269,605,122,4,11546.88,46187.52
1270,605,125,3,11555.41,34666.23
1271,606,117,1,1463.07,1463.07
1272,607,126,4,21126.66,84506.64
1273,608,35,1,17347.34,17347.34
1274,609,14,1,11602.21,11602.21
1275,610,7,2,19100.41,38200.82
1276,610,98,3,14084.92,42254.76
1277,611,25,1,6751.6,6751.6
1278,612,134,4,11049.09,44196.36
1279,612,120,2,13360.3,26720.6
1280,613,128,4,8392.41,33569.64
1281,614,139,3,11297.37,33892.11
1282,614,139,1,11297.37,11297.37
1283,615,9,4,24228.48,96913.92
1284,615,31,4,12432.68,49730.72
1285,615,116,3,16710.6,50131.8
1286,615,97,4,20312.06,81248.24
1287,615,118,1,19126.61,19126.61
1288,616,143,3,13148.31,39444.93
1289,617,43,4,17109.05,68436.2
1290,617,111,2,2214.43,4428.86
1291,617,80,4,16559.34,66237.36
1292,617,125,1,11555.41,11555.41
1293,618,126,4,21126.66,84506.64
1294,618,122,2,11546.88,23093.76
1295,619,101,3,5396.2,16188.6
1296,619,127,4,13145.67,52582.68
1297,620,91,3,12687.22,38061.66
1298,620,83,1,2928.87,2928.87
1299,621,12,2,11424.17,22848.34
1300,622,90,1,9583.52,9583.52
1301,622,88,4,22490.74,89962.96
1302,622,25,4,6751.6,27006.4
1303,623,92,4,18047.91,72191.64
1304,624,63,2,9586.53,19173.06
1305,625,80,1,16559.34,16559.34
1306,626,17,3,3122.51,9367.53
1307,626,30,3,18642.16,55926.48
1308,626,44,1,11581.63,11581.63
1309,626,138,3,12724.99,38174.97
1310,627,109,4,5455.81,21823.24
1311,628,121,1,1893.68,1893.68
1312,629,97,4,20312.06,81248.24
1313,629,83,1,2928.87,2928.87
1314,629,126,1,21126.66,21126.66
1315,629,53,3,20067.11,60201.33
1316,629,128,3,8392.41,25177.23
1317,630,77,3,5476.19,16428.57
1318,631,52,4,20836.69,83346.76
1319,631,20,2,16226.97,32453.94
1320,631,74,3,16601.94,49805.82
1321,631,13,3,24256.6,72769.8
1322,631,147,4,18119.97,72479.88
1323,632,24,1,19338.61,19338.61
1324,632,87,3,10713.21,32139.63
1325,632,18,4,7836.68,31346.72
1326,633,89,1,3241.17,3241.17
1327,633,78,3,19736.23,59208.69
1328,634,139,3,11297.37,33892.11
1329,634,52,4,20836.69,83346.76
1330,635,132,4,11651.43,46605.72
1331,635,141,2,2676.2,5352.4
1332,636,133,2,16109.5,32219.0
1333,636,148,4,2128.4,8513.6
1334,636,55,4,7791.43,31165.72
1335,636,69,4,18581.5,74326.0
1336,637,16,2,6748.7,13497.4
1337,637,94,4,18266.35,73065.4
1338,637,38,2,10904.89,21809.78
1339,637,39,3,17379.63,52138.89
1340,638,106,3,6903.43,20710.29
1341,638,17,2,3122.51,6245.02
1342,638,106,3,6903.43,20710.29
1343,639,42,3,4331.59,12994.77
1344,639,61,4,9206.8,36827.2
1345,639,62,1,13459.65,13459.65
1346,640,8,2,22909.21,45818.42
1347,641,80,4,16559.34,66237.36
1348,641,125,4,11555.41,46221.64
1349,641,109,1,5455.81,5455.81
1350,642,70,2,15428.74,30857.48
1351,643,72,2,24524.1,49048.2
1352,644,11,4,17371.47,69485.88
1353,644,6,1,24988.35,24988.35
1354,645,22,3,11472.98,34418.94
1355,645,77,1,5476.19,5476.19
1356,645,105,3,23233.2,69699.6
1357,645,24,4,19338.61,77354.44
1358,646,36,2,9561.23,19122.46
1359,646,29,1,14336.76,14336.76
1360,646,134,3,11049.09,33147.27
1361,646,128,1,8392.41,8392.41
1362,647,32,3,8365.67,25097.01
1363,648,150,4,17748.97,70995.88
1364,649,61,4,9206.8,36827.2
1365,649,56,2,18334.76,36669.52
1366,649,28,2,9491.53,18983.06
1367,650,71,4,5509.02,22036.08
1368,651,15,4,15602.58,62410.32
1369,651,137,3,2009.6,6028.8
1370,652,29,3,14336.76,43010.28
1371,652,140,4,15163.65,60654.6
1372,653,64,3,11838.77,35516.31
1373,653,38,3,10904.89,32714.67
1374,654,95,3,9419.1,28257.3
1375,654,6,1,24988.35,24988.35
1376,655,14,2,11602.21,23204.42
1377,655,65,4,5611.04,22444.16
1378,655,80,3,16559.34,49678.02
1379,656,32,2,8365.67,16731.34
1380,656,114,4,18897.08,75588.32
1381,656,3,4,12394.5,49578.0
1382,656,66,3,3004.23,9012.69
1383,657,61,3,9206.8,27620.4
1384,658,42,4,4331.59,17326.36
1385,659,105,1,23233.2,23233.2
1386,659,71,1,5509.02,5509.02
1387,660,126,4,21126.66,84506.64
1388,660,106,3,6903.43,20710.29
1389,660,109,1,5455.81,5455.81
1390,661,67,1,2990.4,2990.4
1391,661,91,4,12687.22,50748.88
1392,661,141,3,2676.2,8028.6
1393,662,8,1,22909.21,22909.21
1394,662,48,4,5059.5,20238.0
1395,663,35,1,17347.34,17347.34
1396,663,103,2,14394.09,28788.18
1397,663,79,3,24688.43,74065.29
1398,664,29,2,14336.76,28673.52
1399,664,64,2,11838.77,23677.54
1400,665,106,3,6903.43,20710.29
1401,665,116,4,16710.6,66842.4
1402,665,35,3,17347.34,52042.02
1403,666,84,3,12878.63,38635.89
1404,667,107,3,251.03,753.09
1405,668,97,2,20312.06,40624.12
1406,669,6,2,24988.35,49976.7
1407,670,119,2,12483.89,24967.78
1408,670,68,2,11394.73,22789.46
1409,670,13,4,24256.6,97026.4
1410,670,110,3,9313.32,27939.96
1411,671,95,2,9419.1,18838.2
1412,672,31,1,12432.68,12432.68
1413,672,135,4,14825.35,59301.4
1414,672,117,4,1463.07,5852.28
1415,672,31,2,12432.68,24865.36
1416,673,49,3,9594.97,28784.91
1417,673,74,4,16601.94,66407.76
1418,673,98,2,14084.92,28169.84
1419,674,53,2,20067.11,40134.22
1420,674,73,2,10012.68,20025.36
1421,675,105,2,23233.2,46466.4
1422,675,8,3,22909.21,68727.63
1423,676,61,4,9206.8,36827.2
1424,676,64,3,11838.77,35516.31
1425,676,150,4,17748.97,70995.88
1426,676,22,1,11472.98,11472.98
1427,676,121,2,1893.68,3787.36
1428,677,102,2,8816.84,17633.68
1429,677,99,4,21851.82,87407.28
1430,677,66,1,3004.23,3004.23
1431,677,25,1,6751.6,6751.6
1432,678,61,4,9206.8,36827.2
1433,679,12,1,11424.17,11424.17
1434,679,65,4,5611.04,22444.16
1435,679,78,4,19736.23,78944.92
1436,679,95,2,9419.1,18838.2
1437,680,144,1,22955.63,22955.63
1438,680,149,2,24194.64,48389.28
1439,680,67,2,2990.4,5980.8
1440,680,129,4,13311.06,53244.24
1441,680,87,4,10713.21,42852.84
1442,681,82,4,4437.73,17750.92
1443,682,30,3,18642.16,55926.48
1444,683,33,4,22769.0,91076.0
1445,684,72,3,24524.1,73572.3
1446,684,111,3,2214.43,6643.29
1447,684,68,3,11394.73,34184.19
1448,684,133,3,16109.5,48328.5
1449,685,43,3,17109.05,51327.15
1450,685,126,2,21126.66,42253.32
1451,686,113,1,12191.98,12191.98
1452,686,49,2,9594.97,19189.94
1453,687,47,1,16008.57,16008.57
1454,688,42,4,4331.59,17326.36
1455,688,112,1,1338.09,1338.09
1456,689,127,1,13145.67,13145.67
1457,689,114,3,18897.08,56691.24
1458,689,144,4,22955.63,91822.52
1459,689,118,4,19126.61,76506.44
1460,689,29,2,14336.76,28673.52
1461,690,24,2,19338.61,38677.22
1462,691,47,2,16008.57,32017.14
1463,691,131,3,15098.73,45296.19
1464,691,145,2,1402.9,2805.8
1465,691,150,1,17748.97,17748.97
1466,692,147,2,18119.97,36239.94
1467,692,107,1,251.03,251.03
1468,693,128,1,8392.41,8392.41
1469,694,7,3,19100.41,57301.23
1470,694,32,4,8365.67,33462.68
1471,694,96,1,20810.12,20810.12
1472,694,83,2,2928.87,5857.74
1473,695,118,4,19126.61,76506.44
1474,696,69,1,18581.5,18581.5
1475,696,85,1,23639.85,23639.85
1476,697,116,3,16710.6,50131.8
1477,697,146,2,2452.2,4904.4
1478,698,13,3,24256.6,72769.8
1479,699,15,1,15602.58,15602.58
1480,700,98,1,14084.92,14084.92
1481,700,103,3,14394.09,43182.27
1482,701,103,1,14394.09,14394.09
1483,702,54,2,16975.34,33950.68
1484,703,104,3,15376.97,46130.91
1485,704,40,1,19922.97,19922.97
1486,704,77,4,5476.19,21904.76
1487,705,80,2,16559.34,33118.68
1488,705,92,1,18047.91,18047.91
1489,705,95,2,9419.1,18838.2
1490,706,100,4,15049.21,60196.84
1491,706,69,4,18581.5,74326.0
1492,707,109,3,5455.81,16367.43
1493,708,112,4,1338.09,5352.36
1494,708,24,1,19338.61,19338.61
1495,709,119,2,12483.89,24967.78
1496,709,40,4,19922.97,79691.88
1497,710,135,1,14825.35,14825.35
1498,710,75,4,19690.19,78760.76
1499,711,123,3,14376.65,43129.95
1500,711,39,2,17379.63,34759.26
1501,712,77,2,5476.19,10952.38
1502,712,134,4,11049.09,44196.36
1503,713,13,1,24256.6,24256.6
1504,714,132,1,11651.43,11651.43
1505,714,131,4,15098.73,60394.92
1506,714,106,1,6903.43,6903.43
1507,714,119,3,12483.89,37451.67
1508,715,150,1,17748.97,17748.97
1509,716,5,1,5799.22,5799.22
1510,716,119,2,12483.89,24967.78
1511,716,47,4,16008.57,64034.28
1512,717,107,3,251.03,753.09
1513,718,117,4,1463.07,5852.28
1514,719,68,3,11394.73,34184.19
1515,719,48,2,5059.5,10119.0
1516,720,67,1,2990.4,2990.4
1517,721,5,1,5799.22,5799.22
1518,721,102,1,8816.84,8816.84
1519,722,123,4,14376.65,57506.6
1520,723,125,3,11555.41,34666.23
1521,723,93,4,10402.96,41611.84
1522,724,23,2,12754.2,25508.4
1523,724,35,1,17347.34,17347.34
1524,724,49,1,9594.97,9594.97
1525,725,49,1,9594.97,9594.97
1526,725,54,4,16975.34,67901.36
1527,725,38,2,10904.89,21809.78
1528,726,138,2,12724.99,25449.98
1529,726,23,3,12754.2,38262.6
1530,727,38,4,10904.89,43619.56
1531,727,109,1,5455.81,5455.81
1532,727,30,2,18642.16,37284.32
1533,728,114,4,18897.08,75588.32
1534,728,121,1,1893.68,1893.68
1535,728,116,2,16710.6,33421.2
1536,728,52,3,20836.69,62510.07
1537,729,101,1,5396.2,5396.2
1538,729,86,1,16118.18,16118.18
1539,730,111,4,2214.43,8857.72
1540,731,149,3,24194.64,72583.92
1541,731,10,4,8093.35,32373.4
1542,731,103,4,14394.09,57576.36
1543,732,125,2,11555.41,23110.82
1544,732,16,1,6748.7,6748.7
1545,733,81,1,19769.62,19769.62
1546,733,69,4,18581.5,74326.0
1547,734,30,4,18642.16,74568.64
1548,734,89,4,3241.17,12964.68
1549,734,112,1,1338.09,1338.09
1550,734,42,3,4331.59,12994.77
1551,735,121,3,1893.68,5681.04
1552,735,113,2,12191.98,24383.96
1553,735,130,2,5982.09,11964.18
1554,736,87,4,10713.21,42852.84
1555,736,34,3,1962.22,5886.66
1556,737,100,4,15049.21,60196.84
1557,737,93,4,10402.96,41611.84
1558,737,42,2,4331.59,8663.18
1559,738,23,4,12754.2,51016.8
1560,739,52,2,20836.69,41673.38
1561,740,26,4,14539.09,58156.36
1562,740,127,3,13145.67,39437.01
1563,741,143,1,13148.31,13148.31
1564,742,92,3,18047.91,54143.73
1565,742,92,2,18047.91,36095.82
1566,742,45,1,22481.82,22481.82
1567,742,17,3,3122.51,9367.53
1568,742,111,1,2214.43,2214.43
1569,743,31,2,12432.68,24865.36
1570,743,125,3,11555.41,34666.23
1571,744,91,1,12687.22,12687.22
1572,744,143,3,13148.31,39444.93
1573,744,39,1,17379.63,17379.63
1574,744,13,4,24256.6,97026.4
1575,744,118,1,19126.61,19126.61
1576,745,27,1,13509.66,13509.66
1577,745,130,1,5982.09,5982.09
1578,745,43,1,17109.05,17109.05
1579,745,53,3,20067.11,60201.33
1580,745,41,3,3723.69,11171.07
1581,746,130,4,5982.09,23928.36
1582,746,26,2,14539.09,29078.18
1583,746,94,3,18266.35,54799.05
1584,747,32,2,8365.67,16731.34
1585,747,113,4,12191.98,48767.92
1586,747,2,2,17522.37,35044.74
1587,748,122,3,11546.88,34640.64
1588,748,74,2,16601.94,33203.88
1589,748,22,3,11472.98,34418.94
1590,749,107,3,251.03,753.09
1591,750,63,2,9586.53,19173.06
1592,750,136,4,11596.39,46385.56
1593,751,36,4,9561.23,38244.92
1594,751,106,4,6903.43,27613.72
1595,751,118,3,19126.61,57379.83
1596,752,114,2,18897.08,37794.16
1597,752,3,1,12394.5,12394.5
1598,752,22,3,11472.98,34418.94
1599,752,81,4,19769.62,79078.48
1600,753,43,4,17109.05,68436.2
1601,753,16,4,6748.7,26994.8
1602,753,10,2,8093.35,16186.7
1603,753,148,1,2128.4,2128.4
1604,753,134,3,11049.09,33147.27
1605,754,142,3,16187.56,48562.68
1606,754,81,3,19769.62,59308.86
1607,755,72,2,24524.1,49048.2
1608,756,115,2,7151.84,14303.68
1609,756,140,4,15163.65,60654.6
1610,756,89,4,3241.17,12964.68
1611,757,78,1,19736.23,19736.23
1612,757,10,3,8093.35,24280.05
1613,757,100,2,15049.21,30098.42
1614,758,139,3,11297.37,33892.11
1615,758,55,1,7791.43,7791.43
1616,759,80,3,16559.34,49678.02
1617,759,41,1,3723.69,3723.69
1618,760,139,3,11297.37,33892.11
1619,761,78,4,19736.23,78944.92
1620,762,29,1,14336.76,14336.76
1621,762,96,3,20810.12,62430.36
1622,762,130,3,5982.09,17946.27
1623,762,32,1,8365.67,8365.67
1624,762,32,4,8365.67,33462.68
1625,763,2,4,17522.37,70089.48
1626,764,61,2,9206.8,18413.6
1627,765,73,2,10012.68,20025.36
1628,766,134,2,11049.09,22098.18
1629,766,27,3,13509.66,40528.98
1630,766,133,2,16109.5,32219.0
1631,767,93,4,10402.96,41611.84
1632,767,26,2,14539.09,29078.18
1633,767,109,4,5455.81,21823.24
1634,768,16,4,6748.7,26994.8
1635,769,122,2,11546.88,23093.76
1636,769,115,1,7151.84,7151.84
1637,769,95,4,9419.1,37676.4
1638,769,144,4,22955.63,91822.52
1639,770,150,4,17748.97,70995.88
1640,770,109,4,5455.81,21823.24
1641,770,126,4,21126.66,84506.64
1642,770,42,2,4331.59,8663.18
1643,771,125,4,11555.41,46221.64
1644,771,34,1,1962.22,1962.22
1645,772,117,4,1463.07,5852.28
1646,772,9,2,24228.48,48456.96
1647,773,95,1,9419.1,9419.1
1648,773,105,1,23233.2,23233.2
1649,773,31,3,12432.68,37298.04
1650,773,147,3,18119.97,54359.91
1651,774,40,1,19922.97,19922.97
1652,775,96,3,20810.12,62430.36
1653,776,8,2,22909.21,45818.42
1654,777,108,1,1831.68,1831.68
1655,778,79,3,24688.43,74065.29
1656,778,56,2,18334.76,36669.52
1657,778,126,1,21126.66,21126.66
1658,778,32,3,8365.67,25097.01
1659,779,12,4,11424.17,45696.68
1660,780,80,4,16559.34,66237.36
1661,780,87,4,10713.21,42852.84
1662,781,34,2,1962.22,3924.44
1663,781,130,4,5982.09,23928.36
1664,782,115,2,7151.84,14303.68
1665,782,84,1,12878.63,12878.63
1666,782,105,4,23233.2,92932.8
1667,783,102,3,8816.84,26450.52
1668,784,114,3,18897.08,56691.24
1669,784,23,2,12754.2,25508.4
1670,785,147,3,18119.97,54359.91
1671,785,144,1,22955.63,22955.63
1672,785,144,1,22955.63,22955.63
1673,786,139,1,11297.37,11297.37
1674,787,134,2,11049.09,22098.18
1675,787,122,1,11546.88,11546.88
1676,787,31,2,12432.68,24865.36
1677,787,5,3,5799.22,17397.66
1678,787,53,2,20067.11,40134.22
1679,788,149,4,24194.64,96778.56
1680,788,22,3,11472.98,34418.94
1681,788,103,1,14394.09,14394.09
1682,789,6,3,24988.35,74965.05
1683,789,112,2,1338.09,2676.18
1684,790,136,3,11596.39,34789.17
1685,790,98,3,14084.92,42254.76
1686,791,26,2,14539.09,29078.18
1687,792,47,3,16008.57,48025.71
1688,793,40,3,19922.97,59768.91
1689,793,105,2,23233.2,46466.4
1690,793,16,3,6748.7,20246.1
1691,794,15,3,15602.58,46807.74
1692,795,82,2,4437.73,8875.46
1693,796,83,3,2928.87,8786.61
1694,796,97,1,20312.06,20312.06
1695,797,62,2,13459.65,26919.3
1696,798,130,4,5982.09,23928.36
1697,798,30,3,18642.16,55926.48
1698,799,119,4,12483.89,49935.56
1699,800,8,4,22909.21,91636.84
